Index,Name,Preditions,Pos Prob.,Types,Seq
1,Sequence_1,ACP,0.5736,C+ group,FLLFPLMCKIQGKC
2,Sequence_3,Non-ACP,0.4806,C+ group,FLSLIPSLVGGSISAFK
3,Sequence_5,ACP,0.5904,C+ group,FFGWLIKGAIHAGKAIHGLIHRRRH
4,Sequence_6,ACP,0.5826,C+ group,FLPVIAGLLSKLF
5,Sequence_9,ACP,0.5904,C+ group,GKWMKLLKHILK
6,Sequence_11,ACP,0.5826,C+ group,ATCDLLSAFGVGHAACAAHCIGHGYRGGYCNSKAVCTCRR
7,Sequence_12,ACP,0.5736,C+ group,AALKGCWTKSIPPKPCFGKR
8,Sequence_13,ACP,0.5712,C+ group,FLSLIPHAINAVGVHAKHF
9,Sequence_15,ACP,0.525,C+ group,GLLSVLGSVVKHVIPHVVPVIAEHL
10,Sequence_16,ACP,0.591,C+ group,GIGKFLKKAKKFGKAFVKILKK
11,Sequence_17,ACP,0.5946,C+ group,GIPCGESCVFIPCITAAIGCSCKSKVCYRN
12,Sequence_19,ACP,0.5928,C+ group,FLPVIAGVAANFLPKLFCAISKKC
13,Sequence_20,ACP,0.5784,C+ group,GWRTLLKKAEVKTVGKLALKHYL
14,Sequence_21,ACP,0.5814,C+ group,FLPAIFRMAAKVVPTIICSITKKC
15,Sequence_25,ACP,0.5364,C+ group,FLSLIPHIVSGVASIAKHF
16,Sequence_31,ACP,0.5784,C+ group,YHWYGYTPQNVIGGGKLLLKLLKKLLKLLKKK
17,Sequence_33,ACP,0.5718,C+ group,FAFAKIIAKIAKKII
18,Sequence_35,ACP,0.585,C+ group,FFPIIAGMAAKVICAITKKC
19,Sequence_38,ACP,0.5964,C+ group,FLPVIAGVAAKFLPKIFCAITKKC
20,Sequence_39,ACP,0.5808,C+ group,FAFGKGIGKIGKKGL
21,Sequence_40,ACP,0.5946,C+ group,FLPIIASVAAKVFSKIFCAISKKC
22,Sequence_41,ACP,0.5862,C+ group,ALKAALLAILKIVRVIKK
23,Sequence_42,ACP,0.5934,C+ group,FFPIIAGMAAKLIPSLFCKITKKC
24,Sequence_44,ACP,0.5862,C+ group,GLFKVIKKVAKVIKKL
25,Sequence_45,ACP,0.567,C+ group,EIRLPEPFRFPSPTVPKPIDIDPILPHPWSPRQTYPIIARRS
26,Sequence_46,ACP,0.516,C+ group,PDEDAINDALNKVCSTGRRQRSICKQLLKK
27,Sequence_47,ACP,0.5736,C+ group,GIPCGESCVFIPCLTSAIDCSCKSKVCYRN
28,Sequence_51,ACP,0.5754,C+ group,FFPNVASVPGQVLLKKIFCAISKKC
29,Sequence_53,ACP,0.5832,C+ group,GMWSKILGHLIK
30,Sequence_55,ACP,0.5838,C+ group,ASIVKTTIKASKKLCRGFTLTCGCHFTGKK
31,Sequence_56,ACP,0.5514,C+ group,FLSFPTTKTYFPHFDLSHGSAQVKGHGAK
32,Sequence_59,ACP,0.5658,C+ group,FVQWFSKFLGRIL
33,Sequence_62,ACP,0.5874,C+ group,DHYNCVSSGGQCLYSACPIFTKIQGTCYRGKAKCCK
34,Sequence_65,ACP,0.588,C+ group,GLFGKLIKKFARKAISYAVKKARGKH
35,Sequence_67,ACP,0.5796,C+ group,FLSLIPHAINAVSALANHG
36,Sequence_68,ACP,0.5622,C+ group,GFSPNLPGKGLRIS
37,Sequence_71,ACP,0.594,C+ group,LFGMALKLLKKVL
38,Sequence_72,ACP,0.5904,C+ group,FLPKTLRKFFCRIRGGRCAVLNCLGKEEQIGRCSNSGRKCCRKKK
39,Sequence_73,ACP,0.5712,C+ group,FLGWLFKWAWK
40,Sequence_74,ACP,0.5898,C+ group,GKWMSLLKKILK
41,Sequence_75,ACP,0.5952,C+ group,AGCIKNGGRCNASAGPPYCCSSYCFQIAGQSYGVCKNR
42,Sequence_76,ACP,0.591,C+ group,FALALKAKKL
43,Sequence_77,ACP,0.5916,C+ group,GFGCPFNQGACHRHCRSIRRRGGYCAGLFKQTCTCYR
44,Sequence_78,ACP,0.5892,C+ group,GIPCAESCVWIPCTVTALIGCGCSNKVCYN
45,Sequence_80,ACP,0.5724,C+ group,DIQIPGIKKPTHRDIIIPNWNPNVRTQPWQRFGGNKS
46,Sequence_86,ACP,0.5742,C+ group,GTGLPMSERRKIMLMMR
47,Sequence_89,ACP,0.5766,C+ group,NYQWVPYQGRVPYPRGGLLKLLKKLLKKLLKL
48,Sequence_91,ACP,0.5628,C+ group,FCTMIPIPRCY
49,Sequence_92,ACP,0.5904,C+ group,FGLPMLSILPKALCILLKRKC
50,Sequence_103,ACP,0.591,C+ group,FAKLLAKALKKFAL
51,Sequence_106,ACP,0.5706,C+ group,HTMYYHHYQHHL
52,Sequence_110,ACP,0.576,C+ group,FALLKALKKAL
53,Sequence_117,ACP,0.582,C+ group,FALAKKALKKAKKAL
54,Sequence_118,ACP,0.5964,C+ group,GFGMALKLLKKVL
55,Sequence_119,ACP,0.5898,C+ group,FAGLAANFLPTIICKISYKC
56,Sequence_120,ACP,0.5796,C+ group,ILRWPWWPWRRK
57,Sequence_122,ACP,0.5838,C+ group,CIWVSDGKKLWRH
58,Sequence_123,ACP,0.5862,C+ group,ACYCRIGACVSGERLTGACGLNGRIYRLCCR
59,Sequence_125,ACP,0.5976,C+ group,FLPILAGLAAKLVPKVFCSITKKC
60,Sequence_126,ACP,0.5886,C+ group,CIKNGNGCQPNGSQNGCCSGYCHKQPGWVAGYCRRK
61,Sequence_130,ACP,0.5922,C+ group,FLSLIPKLVKKIIKAFK
62,Sequence_132,ACP,0.5904,C+ group,FAKLLAKLAKKSL
63,Sequence_134,ACP,0.594,C+ group,AFGMALKLLKKVL
64,Sequence_136,ACP,0.5748,C+ group,GLFGVLAKVASHVVPAIAEHFQA
65,Sequence_137,ACP,0.5976,C+ group,FLPVLAGIAAKVVPALFCKITKKC
66,Sequence_145,ACP,0.5928,C+ group,FLPILAGLAANILPKVFCSITKKC
67,Sequence_146,ACP,0.5952,C+ group,GLPVCGETCVGGTCNTPGCGCSWPVCTRN
68,Sequence_148,ACP,0.5688,C+ group,GLMSSIGKALGGLIVDVLKPKTPAS
69,Sequence_150,ACP,0.5268,C+ group,AIKLVQSPNGNFAASFVLDGTKWIFKSKYYDSSKGYWVGIYEVWDRK
70,Sequence_151,ACP,0.5808,C+ group,FAKLFAKAFKKAL
71,Sequence_152,ACP,0.579,C+ group,FALALKLAKKAL
72,Sequence_153,ACP,0.5904,C+ group,CSTNTFSLSDYWGNKGNWCTATHECMSWCK
73,Sequence_159,Non-ACP,0.459,C+ group,ESVFSKIGNAVGPAAYWILKGLGNMSDVNQADRINRKKH
74,Sequence_160,ACP,0.5982,C+ group,FAKLWAKLAFGKGIGKVGKKLL
75,Sequence_162,ACP,0.5766,C+ group,ATYYGNGLYCNKEKCWVDWNQAKGEIGKIIVNGWVNHGPWAPRR
76,Sequence_163,ACP,0.579,C+ group,FALALKALKKL
77,Sequence_164,ACP,0.5868,C+ group,GFLSILKKVLPKVMAHMK
78,Sequence_165,ACP,0.5712,C+ group,GALRGCWTKSYPPKPCK
79,Sequence_168,ACP,0.5916,C+ group,FLPILASLAAKFGPKLFCLVTKKC
80,Sequence_170,ACP,0.5754,C+ group,FAKIIAKIAKKI
81,Sequence_173,Non-ACP,0.4956,C+ group,APAGLVAKFGRPIVKKYYKQIMQFIGEGSAINKIIPWIARMWRT
82,Sequence_175,ACP,0.591,C+ group,VALALKALKKLAKKLKKLAKKAL
83,Sequence_176,ACP,0.594,C+ group,GLFAVIKKVAKVIKKL
84,Sequence_178,ACP,0.5682,C+ group,FLGSIVGALASALPSLISKIRN
85,Sequence_181,ACP,0.543,C+ group,ATCYCRTGRCATRESLSGVCEISGRLYRLCCR
86,Sequence_183,ACP,0.5952,C+ group,FAKLLAKALKKL
87,Sequence_186,ACP,0.5646,C+ group,FLSGIVGMLGKLF
88,Sequence_187,ACP,0.5682,C+ group,GACFSIAHECGA
89,Sequence_188,Non-ACP,0.4722,C+ group,GAWKNFWSSLRKGFYDGEAGRAIRR
90,Sequence_191,ACP,0.513,C+ group,PDEDAINNALNKVCSTGRRQRSICKQLLKK
91,Sequence_192,ACP,0.5772,C+ group,RAGLQFPVGRLLRRLLRRLLR
92,Sequence_194,ACP,0.5634,C+ group,AGWGSIFKHIFKAGKFIHGAIQAHND
93,Sequence_195,ACP,0.576,C+ group,FFPIGVFCKIFKTC
94,Sequence_205,Non-ACP,0.2064,C+ group,QETFSDLWKLLP
95,Sequence_210,ACP,0.5736,C+ group,PAWAKAFRAAARMKLKAA
96,Sequence_211,ACP,0.582,C+ group,GIGVLLSAGKAALKGLAKVLAEKYAN
97,Sequence_215,ACP,0.5658,C+ group,FALALKALKKAL
98,Sequence_216,ACP,0.5922,C+ group,GLPTCGETCTLGTCYVPDCSCSWPICMKN
99,Sequence_218,ACP,0.5886,C+ group,FAKALAKLAKKLL
100,Sequence_219,ACP,0.555,C+ group,FFSASCVPGADKGQFPNLCRLCAGTGENKCA
101,Sequence_222,ACP,0.5772,C+ group,FLPVLAGLTPSIVPKLVCLLTKKC
102,Sequence_224,ACP,0.573,C+ group,FLPLVTMLLGKLF
103,Sequence_226,ACP,0.561,C+ group,GMWSKILKHLIR
104,Sequence_227,ACP,0.5172,C+ group,FIITGLVRGLTKLF
105,Sequence_231,ACP,0.5898,C+ group,FIGTALGIASAIPAIVKLFK
106,Sequence_232,ACP,0.5976,C+ group,FLPIIAGVAAKVLPKIFCAISKKC
107,Sequence_233,ACP,0.5976,C+ group,ETCASRCPRPCNAGLCCSIYGYCGSGAAYCGAGNCRCQCRG
108,Sequence_236,ACP,0.5868,C+ group,GSIPCGESCVFIPCISSVIGCACKSKVCYKN
109,Sequence_240,ACP,0.579,C+ group,LMMLILAMNRKDKKKEKK
110,Sequence_241,ACP,0.5898,C+ group,GLFAVIKKVAAVIKKL
111,Sequence_243,ACP,0.567,C+ group,FLGVVFKLASKVFPAVFGKV
112,Sequence_244,ACP,0.5886,C+ group,FLGALFKALSKLL
113,Sequence_245,ACP,0.573,C+ group,FAKLFAKLAKKFAL
114,Sequence_246,ACP,0.558,C+ group,EGGGPQWAVGHFM
115,Sequence_247,ACP,0.5766,C+ group,FLPLLFGAISHLL
116,Sequence_248,ACP,0.5718,C+ group,FALKALKK
117,Sequence_251,ACP,0.5808,C+ group,ILGPVISTIGGVLGGLLKNL
118,Sequence_253,ACP,0.5898,C+ group,FLPILASLAATLGPKLLCLITKKC
119,Sequence_255,ACP,0.5712,C+ group,FAKLLAKLAKAKA
120,Sequence_256,ACP,0.5964,C+ group,FFGTALKIAANILPTAICKILKKC
121,Sequence_257,ACP,0.5838,C+ group,FALALKALKKLKKALKKAL
122,Sequence_258,ACP,0.5622,C+ group,FWGALAKGALKLIPSLFSSFSKKD
123,Sequence_260,Non-ACP,0.4704,C+ group,KKVVFKVKFK
124,Sequence_264,Non-ACP,0.4308,C+ group,LLGDFFRKSKEKIGKEFKRIVQRIKDFLRNLVPRTES
125,Sequence_265,ACP,0.5832,C+ group,FFPIVAGVAGQVLKKIYCTISKKC
126,Sequence_266,ACP,0.5724,C+ group,PAWFKARRWAWRMKKLAA
127,Sequence_267,ACP,0.591,C+ group,FLGGLMKAFPAIICAVTKKC
128,Sequence_269,ACP,0.5766,C+ group,AKIPIKAIKTVGKAVGKGLRAINIASTANDVFNFLKPKKRKA
129,Sequence_271,ACP,0.594,C+ group,FLPFIAGMAAKFLPKIFCAISKKC
130,Sequence_273,ACP,0.5676,C+ group,DFKLFAVYIKYR
131,Sequence_275,ACP,0.597,C+ group,GVPICGETCVGGTCNTPGCSCSWPVCTRN
132,Sequence_276,Non-ACP,0.0672,C+ group,FLPKMSTKLRVPYRRGTKDYH
133,Sequence_277,Non-ACP,0.4698,C+ group,FLFPLITSFLSKVL
134,Sequence_280,ACP,0.5796,C+ group,FAKLLAKLAKKL
135,Sequence_284,ACP,0.5784,C+ group,FLPLLASLFSRLL
136,Sequence_285,Non-ACP,0.4758,C+ group,GLFVGLAKVAAHNNPAIAEHFQA
137,Sequence_286,ACP,0.5934,C+ group,GLFAVIKKVASVIKKL
138,Sequence_287,ACP,0.5898,C+ group,VAKFLAKFLKKAL
139,Sequence_288,ACP,0.5886,C+ group,GFGCPWNRYQCHSHCRSIGRLGGYCAGSLRLTCTCYRS
140,Sequence_290,ACP,0.5772,C+ group,YCAYYSPRHKTTF
141,Sequence_291,ACP,0.5724,C+ group,GLFVGVLAKVAAHVVPAIAEHF
142,Sequence_293,Non-ACP,0.3516,C+ group,ETFSDLWKLL
143,Sequence_296,ACP,0.5952,C+ group,FLPIIAGIAAKFLPKIFCTISKKC
144,Sequence_297,ACP,0.582,C+ group,GFLDTFKNLALNAAKSAGVSVLNSLSCKLFKTC
145,Sequence_298,ACP,0.5766,C+ group,GLLGLLGSVVSHVLPAITQHL
146,Sequence_300,ACP,0.5928,C+ group,FAKLLFKALKKAL
147,Sequence_302,Non-ACP,0.2964,C+ group,FKVQNQHGQVVKIFHH
148,Sequence_303,ACP,0.5856,C+ group,KSSAYSLQMGATAIKQVKKLFKKWGW
149,Sequence_305,ACP,0.5958,C+ group,GLMDTIKGVAKTVAASWLDKLKCKITGC
150,Sequence_306,ACP,0.576,C+ group,FALALKKALKALKKAL
151,Sequence_307,Non-ACP,0.4224,C+ group,ALLGDFFRKSKEKIGKEFKRIVQRIKDFLRNLVPRTES
152,Sequence_309,ACP,0.5982,C+ group,GFGCPNNYQCHRHCKSIPGRCGGYCGGWHRLPCTCYRCG
153,Sequence_315,ACP,0.5928,C+ group,FAKLLAKALKKAL
154,Sequence_316,ACP,0.5604,C+ group,FLIGMTQGLICLITRKC
155,Sequence_317,ACP,0.5694,C+ group,FLIGMTHGLICLISRKC
156,Sequence_320,ACP,0.5862,C+ group,ATCDLFSFRSKWVTPNHAACAAHCLLRGNRGGRCKGTICHCRK
157,Sequence_321,ACP,0.5838,C+ group,FLGLLFHGVHHVGKWIHGLIHGHH
158,Sequence_325,Non-ACP,0.1068,C+ group,YAIDTILAEIKNINA
159,Sequence_326,ACP,0.579,C+ group,FAKKLAKKLKKLAKKLAKKWKL
160,Sequence_329,ACP,0.5724,C+ group,FGKGIGKVGKKLL
161,Sequence_331,ACP,0.5766,C+ group,GLLPCAESCVYIPCLTTVIGCSCKSKVCYKN
162,Sequence_334,ACP,0.5718,C+ group,GMWSKLLGHLLR
163,Sequence_336,ACP,0.5916,C+ group,GLPVCGETCFGGTCNTPGCTCDPWPVCTRN
164,Sequence_338,ACP,0.5808,C+ group,GFGKAFHSVSNFAKKHKTA
165,Sequence_339,ACP,0.5862,C+ group,FLSLALAALPKLFCLIFKKC
166,Sequence_341,ACP,0.5718,C+ group,AISYGNGVYCNKEKCWVNKAENKQAITGIVIGGWASSLAGMGH
167,Sequence_342,ACP,0.5784,C+ group,FITLLLRKFICSITKKC
168,Sequence_346,ACP,0.5808,C+ group,FLGWLFKWAKK
169,Sequence_349,ACP,0.5172,C+ group,ACNFQSCWATCQAQHSIYFRRAFCDRSQCKCVFVRG
170,Sequence_352,Non-ACP,0.4656,C+ group,FVDLKKIANIINSIFKK
171,Sequence_355,ACP,0.5856,C+ group,GLPTCGETCFGGTCNTPGCTCDPWPVCTHN
172,Sequence_356,ACP,0.579,C+ group,FLSLLPSIVSGAVSLAKKL
173,Sequence_357,ACP,0.5868,C+ group,AIGSILGALAKGLPTLISWIKNR
174,Sequence_362,ACP,0.594,C+ group,GIPCGESCVWIPCISSAIGCSCKSKVCYRN
175,Sequence_364,ACP,0.5922,C+ group,FALALKALKKLAKKLKKLAKKAL
176,Sequence_365,ACP,0.5718,C+ group,ATAVDFGPHGLLPIRPIRIRPLCGKDKS
177,Sequence_366,ACP,0.5856,C+ group,FLFRVASKVFPALIGKFKKK
178,Sequence_367,ACP,0.5784,C+ group,GKWMSLWKHILK
179,Sequence_368,ACP,0.5766,C+ group,GLFGVLGSIAKHVLPHVVPVIAEKL
180,Sequence_370,ACP,0.5628,C+ group,CGESCVWIPCVTSIFNCKCKENKVCYHDKIP
181,Sequence_372,ACP,0.5874,C+ group,FLPIALKALGSIFPKIL
182,Sequence_373,ACP,0.5826,C+ group,GKWKSLLKHILK
183,Sequence_375,ACP,0.5976,C+ group,GVPICGETCTLGTCYTAGCSCSWPVCTRN
184,Sequence_376,ACP,0.5892,C+ group,FAKLLAKALKLKL
185,Sequence_378,ACP,0.5826,C+ group,SPLGYGFAVRNSG
186,Sequence_379,ACP,0.564,C+ group,GLFSVLGAVAKHVLPHVVPVIAEK
187,Sequence_381,ACP,0.591,C+ group,FLPLIAGLIGKLF
188,Sequence_385,ACP,0.5958,C+ group,FLGALFKVASKVLPSVFCAITKKC
189,Sequence_387,ACP,0.5724,C+ group,FKLAFKLAKKAFL
190,Sequence_389,Non-ACP,0.2796,C+ group,FNRGGYNFGKSVRHVVDAIGSVAGILKSIR
191,Sequence_390,ACP,0.5286,C+ group,EFTNVSCTTSKECWSVCQRLHNTSRGKCMNKKCRCYS
192,Sequence_396,ACP,0.5922,C+ group,FALALKALKKLLKKLKKLAKKAL
193,Sequence_397,ACP,0.5922,C+ group,GLPVCGETCFGGTCNTPGCACDPWPVCTRD
194,Sequence_398,ACP,0.573,C+ group,VAKLLAKLAKKLL
195,Sequence_401,ACP,0.582,C+ group,GFGMALRLLRRVL
196,Sequence_407,ACP,0.5724,C+ group,PNEVNRLAHLRLH
197,Sequence_410,ACP,0.594,C+ group,GFGCNGPWDEDDMQCHNHCKSIKGYKGGYCAKGGFVCKCY
198,Sequence_412,ACP,0.5778,C+ group,FALAKALKKAL
199,Sequence_413,ACP,0.5958,C+ group,FLPIIAGAAAKVVQKIFCAISKKC
200,Sequence_417,Non-ACP,0.4284,C+ group,GFLGPLLKLAAKGVAKVIPHLIPSRQQ
201,Sequence_420,ACP,0.5988,C+ group,AQCGAQGGGATCPGGLCCSQWGWCGSTPKYCGAGCQSNCK
202,Sequence_423,ACP,0.5706,C+ group,HGVSGHGQHGVHG
203,Sequence_424,Non-ACP,0.3624,C+ group,KAQIRAMECNILGRKKRRQRRR
204,Sequence_427,ACP,0.5778,C+ group,PEWFKCRRWQWRMKKLGA
205,Sequence_428,ACP,0.5772,C+ group,FLWWLFKWAWK
206,Sequence_429,ACP,0.579,C+ group,FLPLLLAGLPKLLCLFFKKC
207,Sequence_431,ACP,0.5724,C+ group,FVLPLVMCKILRKC
208,Sequence_432,ACP,0.582,C+ group,ATCDLLSMWNVNHSACAAHCLLLGKSGGRCNDDAVCVCRK
209,Sequence_433,ACP,0.5856,C+ group,FAKLLAKLAKKEL
210,Sequence_435,Non-ACP,0.4086,C+ group,GSEGPLKPGARIFSFDGKDVLRHPT
211,Sequence_436,ACP,0.585,C+ group,GFLDSFKNAMIGVAKSVGKTALSTLACKIDKSC
212,Sequence_440,ACP,0.5838,C+ group,GKWMSFLKHILK
213,Sequence_443,ACP,0.5724,C+ group,GADFQECMKEHSQKQHQHQG
214,Sequence_445,ACP,0.5772,C+ group,VNWKKILGKIKKVVK
215,Sequence_446,ACP,0.5772,C+ group,FLPILINLIHKGLL
216,Sequence_447,ACP,0.5772,C+ group,GIGDPVTCLKSGAICHPVFCPRRYKQIGTCGLPGTK
217,Sequence_449,ACP,0.5892,C+ group,FLGGLMKIIPAAFCAVTKKC
218,Sequence_455,ACP,0.57,C+ group,AKWVGDLTLCRWR
219,Sequence_456,ACP,0.591,C+ group,FAKLLAKAFKKAL
220,Sequence_457,ACP,0.579,C+ group,FLSAIASMLGKFL
221,Sequence_459,ACP,0.582,C+ group,GLFGVLAKVAAHVVPAIAEHF
222,Sequence_460,ACP,0.579,C+ group,FISAIASFLGKFL
223,Sequence_461,ACP,0.588,C+ group,FFSLLPSLIGGLVSAIK
224,Sequence_466,ACP,0.5412,C+ group,DDALRRLLRRLLRRL
225,Sequence_468,ACP,0.5796,C+ group,DDTPSSRCGSGGWGPCLPIVDLLCIVHVTVGCSGGFGCCRIG
226,Sequence_469,ACP,0.5826,C+ group,FAKLWAKLAKKL
227,Sequence_470,ACP,0.5886,C+ group,GTFPCGESCVFIPCLTSAIGCSCKSKVCYKN
228,Sequence_472,ACP,0.5814,C+ group,FALALKALKKALKKLKKALKKAL
229,Sequence_473,ACP,0.5898,C+ group,FLGMIPGLIGGLISAFK
230,Sequence_475,ACP,0.5802,C+ group,FLPFIARLAAKVFPSIICSVTKKC
231,Sequence_476,ACP,0.5772,C+ group,FAKLLAKLAKKLL
232,Sequence_477,ACP,0.576,C+ group,FFGAIAAALPHVISAIKNAL
233,Sequence_479,ACP,0.579,C+ group,FAKIIAKIAKIAKKIL
234,Sequence_482,ACP,0.582,C+ group,FAVGLRAIKRALKKLRRGVRKVAKDL
235,Sequence_485,ACP,0.5982,C+ group,GLPICGETCVGGSCNTPGCSCSWPVCTRN
236,Sequence_487,ACP,0.5952,C+ group,GLPVCGETCFGGTCNTPGCSCDPWPMCSRN
237,Sequence_496,ACP,0.594,C+ group,ACIKNGGRCVASGGPPYCCSNYCLQIAGQSYGVCKKH
238,Sequence_499,ACP,0.582,C+ group,FAKLLAKLAKAKG
239,Sequence_500,ACP,0.5856,C+ group,FLSLALAALPKFLCLVFKKC
240,Sequence_503,ACP,0.5976,C+ group,FLPAIVGAAAKFLPKIFCAISKKC
241,Sequence_507,ACP,0.582,C+ group,FAKLLAKLAKK
242,Sequence_511,ACP,0.5766,C+ group,FALALKLKKL
243,Sequence_512,ACP,0.5676,C+ group,FKRLAKIKVLRLAKIKR
244,Sequence_513,ACP,0.5718,C+ group,ASSSYPLIHWRPWAR
245,Sequence_516,ACP,0.5958,C+ group,ALSILKGLEKLAKMGIALTNCKATKKC
246,Sequence_518,ACP,0.5796,C+ group,FALKALKKLKKALKKAL
247,Sequence_520,ACP,0.5904,C+ group,FAKLLAKLAKKVL
248,Sequence_521,ACP,0.582,C+ group,FALALKLAKKL
249,Sequence_527,ACP,0.5964,C+ group,MWKWFHNVLSWWWLLADKRPARDYNRK
250,Sequence_530,ACP,0.5982,C+ group,FWGALIKGAAKLIPSVVGLFKKKQ
251,Sequence_533,ACP,0.57,C+ group,AREASKSLIGTASCTCRRAWICRWGERHSGKCIDQKGSTYRLCCRR
252,Sequence_534,ACP,0.5838,C+ group,LLAGLAANFLPTIICKISYKC
253,Sequence_535,ACP,0.5982,C+ group,ATCDLLSKWNWNHTACAGHCIAKGFKGGYCNDKAVCVCRN
254,Sequence_536,ACP,0.5952,C+ group,GVPVCGETCFGGTCNTPGCSCDPWPVCSRN
255,Sequence_537,ACP,0.5868,C+ group,GMWSKILGKLIR
256,Sequence_540,ACP,0.5634,C+ group,DFKLFAVTIKYR
257,Sequence_543,Non-ACP,0.3882,C+ group,HTLLTPRR
258,Sequence_546,ACP,0.5736,C+ group,FAKLLAKLAKAKL
259,Sequence_548,ACP,0.5784,C+ group,FMGSALRIAAKVLPAALCQIFKKC
260,Sequence_553,ACP,0.5724,C+ group,CIPMAWAVSWPHP
261,Sequence_554,ACP,0.5934,C+ group,FLPLAVSLAANFLPKLFCKITKKC
262,Sequence_556,ACP,0.5952,C+ group,FAKLLAKALKKFL
263,Sequence_557,ACP,0.5832,C+ group,FAKLAKKLL
264,Sequence_559,ACP,0.5448,C+ group,FLGALIKGAIHGGRFIHGMIQNHH
265,Sequence_560,ACP,0.5748,C+ group,KWKLFKKIPKFLHLAKK
266,Sequence_562,ACP,0.5946,C+ group,GLPVCGETCFGGTCNTPGCSCETWPVCSRN
267,Sequence_566,ACP,0.5922,C+ group,DHYICAKKGGTCNFSPCPLFNRIEGTCYSGKAKCCIR
268,Sequence_567,ACP,0.573,C+ group,FALALKALKKA
269,Sequence_569,ACP,0.5616,C+ group,GIGAVLKVLTTGLPALISWIKRKRQQ
270,Sequence_580,ACP,0.5772,C+ group,FIFHIIKGLFHAGKMIHGLVTRRRH
271,Sequence_584,ACP,0.5706,C+ group,FAKLLALALKLKL
272,Sequence_586,ACP,0.5922,C+ group,FAKLLAKALKKLL
273,Sequence_588,ACP,0.5784,C+ group,GKWMSLLKHIWK
274,Sequence_591,ACP,0.5784,C+ group,FILPLIASFLSKFL
275,Sequence_593,ACP,0.564,C+ group,GFGALFKFLAKKVAKTVAKQAAKQGAKYVVNKQME
276,Sequence_595,ACP,0.5832,C+ group,GSIPCGESCVFIPCISAIIGCSCSSKVCYKN
277,Sequence_598,ACP,0.5922,C+ group,DPVTYIRNGGICQYRCIGLRHKIGTCGSPFKCCK
278,Sequence_599,ACP,0.5712,C+ group,FALKALKKAL
279,Sequence_602,ACP,0.573,C+ group,DSHEERRQGRHGHHEYGRKFHEKHHSHRGY
280,Sequence_607,Non-ACP,0.4026,C+ group,CYSAAKYPGFQEFINRKYKSSRF
281,Sequence_613,ACP,0.5694,C+ group,FFPLVLGALGSILPKIF
282,Sequence_614,ACP,0.5106,C+ group,FFPMLAGVAARVVPKVICLITKKC
283,Sequence_621,ACP,0.5778,C+ group,FLPMLAGLAASMVPKFVCLITKKC
284,Sequence_627,ACP,0.5766,C+ group,GLLGLLGSVVSHVVPAIVGHF
285,Sequence_630,ACP,0.5766,C+ group,GIGGVLLSAGKAALKGLAKVLAEKYAN
286,Sequence_631,ACP,0.5898,C+ group,CGESCVFIPCITSVAGCSCKSKVCYRNGIP
287,Sequence_632,ACP,0.579,C+ group,FLPAVLRVAAKIVPTVFCAISKKC
288,Sequence_634,ACP,0.5766,C+ group,ALSKALSKALSKALSKALSKALSK
289,Sequence_637,ACP,0.576,C+ group,GIPCAESCVWIPCTVTALVGCSCSDKVCYN
290,Sequence_642,ACP,0.588,C+ group,AIPCGESCVWIPCISTVIGCSCSNKVCYR
291,Sequence_644,Non-ACP,0.4698,C+ group,FFRLLFHGVHHVGKIKPRA
292,Sequence_646,ACP,0.5952,C+ group,DYDWSLRGPPKCATYGQKCRTWSPRNCCWNLRCKAFRCRPR
293,Sequence_647,ACP,0.5892,C+ group,ILPILSLIGGLLGK
294,Sequence_649,Non-ACP,0.417,C+ group,AVLDFIKAAGKGLVTNIMEKVG
295,Sequence_650,ACP,0.5868,C+ group,GKWLSLLKHILK
296,Sequence_651,ACP,0.5772,C+ group,ATCDLASGFGVGSSLCAAHCIARRYRGGYCNSKAVCVCRN
297,Sequence_653,Non-ACP,0.4176,C+ group,VECYGPNRPQF
298,Sequence_654,ACP,0.5748,C+ group,FAKKLAKKLKKLAKKLAK
299,Sequence_658,ACP,0.5736,C+ group,VALALKALKKL
300,Sequence_659,ACP,0.5958,C+ group,FLPILAGLAAKIVPKLFCLATKKC
301,Sequence_664,ACP,0.597,C+ group,GASCGETCFTGICFTAGCSCNPWPTCTRN
302,Sequence_666,ACP,0.5694,C+ group,FFPLALLCKVFKKC
303,Sequence_668,ACP,0.5748,C+ group,FLPIASLLGKYL
304,Sequence_669,ACP,0.5784,C+ group,FLPGLIAGIAKML
305,Sequence_676,ACP,0.5784,C+ group,THRPPMWSPVWPGGGKLLLKLLKKLLKLLKKK
306,Sequence_677,ACP,0.5754,C+ group,FAKLLAKKLL
307,Sequence_678,ACP,0.5964,C+ group,IPCGESCVWIPCITAIAGCSCKNKVCYT
308,Sequence_679,ACP,0.5232,C+ group,FALALKA
309,Sequence_681,ACP,0.567,C+ group,FLPPSPWKETFRTS
310,Sequence_682,ACP,0.5982,C+ group,GFGCPNNYACHQHCKSIRGYCGGYCAGWFRLRCTCYRCG
311,Sequence_683,ACP,0.594,C+ group,FLPVVAGLAAKVLPSIICAVTKKC
312,Sequence_688,ACP,0.5844,C+ group,FAKLLAKLAKKFAL
313,Sequence_689,ACP,0.5676,C+ group,GLFDIVKKIAGHIA
314,Sequence_690,ACP,0.5952,C+ group,FFGSVLKVAAKVLPAALCQIFKKC
315,Sequence_694,ACP,0.5874,C+ group,GLFDVIAKVASVIKKL
316,Sequence_696,ACP,0.5784,C+ group,FLPFLASLLSKVL
317,Sequence_698,ACP,0.5778,C+ group,FFGSVLKLIPKIL
318,Sequence_699,ACP,0.5634,C+ group,FVGLAKVAAHVVPAIAEHF
319,Sequence_701,ACP,0.582,C+ group,DFASCHTNGGICLPNRCPGHMIQIGICFRPRVKCCRSW
320,Sequence_704,ACP,0.5784,C+ group,MWKWFHNVLSSWQLLADKRPARDYNRK
321,Sequence_705,ACP,0.5826,C+ group,ALFSILRGLKKLGNMGQAFVNCKIYKKC
322,Sequence_707,ACP,0.5886,C+ group,ATCDLLSGTGINHSACAAHCLLRGNRGGYCNGKAVCVCRN
323,Sequence_710,ACP,0.5904,C+ group,VAKLLAKALKKLL
324,Sequence_711,ACP,0.5802,C+ group,GLLSVLGSVAKHVLPHVVPVIAEHL
325,Sequence_713,ACP,0.5796,C+ group,FAKFLAKFLKKAL
326,Sequence_714,ACP,0.597,C+ group,AQRCGDQARGAKCPNCLCCGKYGFCGSGDAYCGAGSCQSQCRGCR
327,Sequence_716,ACP,0.5676,C+ group,KWCFRVCYRGICYRRCR
328,Sequence_717,ACP,0.5754,C+ group,FIGLLISAGKAIHDLIRRRH
329,Sequence_718,ACP,0.5916,C+ group,FLPLFASLIGKLL
330,Sequence_719,ACP,0.5826,C+ group,GSIPCGESCVFIPCISAVIGCSCSNKVCYKN
331,Sequence_721,ACP,0.5772,C+ group,FLSLIPHIVSGVAALAKHL
332,Sequence_723,ACP,0.597,C+ group,GLPVCGETCFGGTCNTPGCSCTWPICTRD
333,Sequence_726,ACP,0.5964,C+ group,GLPVCGETCVGGTCNTPGCSCSWPVCTRN
334,Sequence_728,ACP,0.5616,C+ group,MPFLFCNVNDVCNFASRNDYSCNYYSNSYSFWLASLNPER
335,Sequence_732,ACP,0.5928,C+ group,FAKLLAKLAKKGL
336,Sequence_733,ACP,0.5658,C+ group,GFGSLFKFLAKKVAKTVAKQAAKQGAKYIANKQTE
337,Sequence_734,Non-ACP,0.4644,C+ group,GQVWEATATVNAIRGSVTPAVSQFNARTAD
338,Sequence_735,Non-ACP,0.4968,C+ group,LGFWGLPH
339,Sequence_738,ACP,0.5958,C+ group,GIPCGESCVFIPCITGAIGCSCKSKVCYRN
340,Sequence_740,ACP,0.5844,C+ group,FAKLLAKLAKKAA
341,Sequence_741,ACP,0.585,C+ group,VAKLLAKLAKKVL
342,Sequence_742,Non-ACP,0.3948,C+ group,GFFGKMKEYFKKFGASFKRRFANLKKRL
343,Sequence_743,ACP,0.5742,C+ group,GEYCGESCYLIPCFTPGCYCVSRQCVNKN
344,Sequence_749,ACP,0.5922,C+ group,FAFGKGIGKVGKKLL
345,Sequence_750,ACP,0.5784,C+ group,FLPLLAGLAANFLPTIICKISYKC
346,Sequence_751,ACP,0.591,C+ group,IPCGESCVWIPCISGMFGCSCKDKVCYS
347,Sequence_753,ACP,0.5868,C+ group,GLPVCGETCFTGTCYTNGCTCDPWPVCTRN
348,Sequence_755,Non-ACP,0.498,C+ group,LLGDFFRKSKEK
349,Sequence_756,ACP,0.555,C+ group,GMWSKILGHLKR
350,Sequence_758,Non-ACP,0.0852,C+ group,TRSSRAGLQFPVGRVHRLLRK
351,Sequence_761,ACP,0.5712,C+ group,LLGDFKRIVQRIKDF
352,Sequence_762,Non-ACP,0.1602,C+ group,ACDTATCVTHRLAGLLSRSGGVVKNNFVPTNVGSKAF
353,Sequence_763,ACP,0.5922,C+ group,FLGMIPKLIKKLIKAFK
354,Sequence_764,ACP,0.5892,C+ group,FASLLGKALKALAKQ
355,Sequence_765,ACP,0.588,C+ group,GKWMSLLKHILK
356,Sequence_768,ACP,0.5718,C+ group,FIHHIIGGLFSAGKAIHRLIRRRRR
357,Sequence_772,ACP,0.5724,C+ group,FAKLLAKLAKLKL
358,Sequence_774,ACP,0.5964,C+ group,GDACGETCFTGICFTAGCSCNPWPTCTRN
359,Sequence_776,ACP,0.5838,C+ group,GKWMTLLKHILK
360,Sequence_7,ACP,0.591,N+ group,KYKKALKKLAKLL
361,Sequence_24,ACP,0.5622,N+ group,GLWSKIKEAAKAAGKAALNAVTGLVNQGDQPS
362,Sequence_27,Non-ACP,0.0936,N+ group,ATRVVYCNRRSGSVVGGDDTVYYEG
363,Sequence_28,ACP,0.5832,N+ group,FAKKLAKKLAKAAL
364,Sequence_30,ACP,0.5622,N+ group,GIGTKILGGVKTALKGALKELASTYAN
365,Sequence_34,ACP,0.5688,N+ group,KLLKLLLKLYKKLLKLL
366,Sequence_36,ACP,0.5802,N+ group,GIGKFLHSAKKWGKAFVGQIMNC
367,Sequence_43,ACP,0.5622,N+ group,KWKSFLKTFKSAKKTVLHTLLKAISS
368,Sequence_60,ACP,0.567,N+ group,RWGKWFKKATHVGKHVGKAALTAYL
369,Sequence_61,ACP,0.5628,N+ group,FWGHIWNAVKRVGANALHGAVTGALS
370,Sequence_64,Non-ACP,0.3612,N+ group,KISKRILTGKK
371,Sequence_81,ACP,0.5682,N+ group,EVWRLAEFLAMPP
372,Sequence_84,ACP,0.564,N+ group,FKCRRWQWRMKKLGAPSITCVRRAF
373,Sequence_88,ACP,0.5736,N+ group,KLKNFAIGVAQSLLNKASCKLSGQC
374,Sequence_96,ACP,0.5952,N+ group,FAKKLAKKLKKLAKKLIGAVLKV
375,Sequence_97,ACP,0.57,N+ group,GIKCRFCCGCCTPGICGVCCRF
376,Sequence_100,ACP,0.5802,N+ group,ACYCRIPACLAGERRYGTCFYRRRVWAFCC
377,Sequence_101,Non-ACP,0.0096,N+ group,HSHRDFQPVLHLVALNSPLSGGMRG
378,Sequence_109,ACP,0.585,N+ group,KAAKKWAKAWKKAAKAWKKAA
379,Sequence_112,ACP,0.5616,N+ group,AMWKDVLKKIGTVALHAGKAALGAVADTISQ
380,Sequence_121,ACP,0.5844,N+ group,FAKKLAKKLAKAL
381,Sequence_127,ACP,0.5844,N+ group,AKKVFKRLEKLFSKIQNDK
382,Sequence_129,ACP,0.5856,N+ group,KTCENLADTFRGPCFATSNC
383,Sequence_135,ACP,0.5676,N+ group,KWKLFKKIGIGKFLHSATTF
384,Sequence_138,Non-ACP,0.3,N+ group,CHHALTHAC
385,Sequence_139,ACP,0.5778,N+ group,FAKKLAKLAKKALAL
386,Sequence_141,Non-ACP,0.213,N+ group,VYINKLTPPCGTMYYACEAV
387,Sequence_149,ACP,0.5724,N+ group,KLAKKLAKLAKLAKAL
388,Sequence_154,ACP,0.5646,N+ group,KWKSFLKTFKSLKKTVLHTALKAISS
389,Sequence_156,ACP,0.5718,N+ group,IDWKKLLDAAKQIL
390,Sequence_157,ACP,0.564,N+ group,DFKDWMKTAGEWLKKKGPGILKAAMAAAT
391,Sequence_161,ACP,0.5934,N+ group,KWKLFKKIPKFLHLA
392,Sequence_166,ACP,0.5616,N+ group,FAKKLAKALL
393,Sequence_169,ACP,0.5706,N+ group,FAKKLAKLAKKLAKLALAL
394,Sequence_172,ACP,0.579,N+ group,FAKKLAKKLAKLAL
395,Sequence_174,Non-ACP,0.4542,N+ group,DVKGMKKAIKGILDCVIEKGYDKLAAKLKKVIQQLWE
396,Sequence_179,ACP,0.5718,N+ group,KWKKLLKKPPPLLKKLLKKL
397,Sequence_185,ACP,0.5736,N+ group,KNWKKILKKIIKVVK
398,Sequence_201,Non-ACP,0.4884,N+ group,KIAKVALAKLGIGAVLKVLTTGL
399,Sequence_204,ACP,0.5076,N+ group,FIHHIFRGIVHAGRSIGRFLTG
400,Sequence_207,Non-ACP,0.2754,N+ group,DYPKLTFTTS
401,Sequence_208,ACP,0.5682,N+ group,AVRIGPCDQVCPRIVPERHECCRAHGRSGYAYCSGGGMYCN
402,Sequence_209,Non-ACP,0.4764,N+ group,FKKLKKIANIINSIFKK
403,Sequence_220,ACP,0.5886,N+ group,ALWKNMLKGIGKLAGQAALGAVKTLVGA
404,Sequence_221,ACP,0.5706,N+ group,KAAKKAWKAWKKAAKAAWKKAA
405,Sequence_237,ACP,0.582,N+ group,KWKIFKKIEKVGRNIRNGIIKAGPAVAVLGEAKAL
406,Sequence_242,ACP,0.564,N+ group,GFKLKGMARISCLPNGQWSNFPPKCIRECAMVSS
407,Sequence_249,ACP,0.5694,N+ group,FLSHIAGFLSNLF
408,Sequence_261,ACP,0.5646,N+ group,KRLRRVWRRWR
409,Sequence_262,ACP,0.5784,N+ group,ACYCRIPACFAGERRYGTCFYLGRVWAFCC
410,Sequence_268,Non-ACP,0.1038,N+ group,FFRHLFRGAKAIFRGARQGWRAHKVVSRYRNRDVPETDNNQEEP
411,Sequence_278,ACP,0.5628,N+ group,ALPKKLKYLNLFNDGFNYMGVV
412,Sequence_313,ACP,0.5634,N+ group,YGRKKRRQRRRREADFFWSLCTADMS
413,Sequence_314,ACP,0.5592,N+ group,ALWKTLLKNVGKAAGKAALNAVTDMVNQ
414,Sequence_318,ACP,0.564,N+ group,FKCRRWQWRMKKLGAPSITCVR
415,Sequence_319,ACP,0.5478,N+ group,ELCEKASKTWSGNCGNTGHCDNQCKSWEGAAHGACHVRNGKHMCFCYFNC
416,Sequence_328,Non-ACP,0.2598,N+ group,CHHNLTAAC
417,Sequence_333,ACP,0.5034,N+ group,KFKKLAKKF
418,Sequence_335,ACP,0.5712,N+ group,VAKKLAKLAKKLAKLAL
419,Sequence_340,ACP,0.5676,N+ group,KLALKLALKALKAAKLA
420,Sequence_344,ACP,0.5868,N+ group,KAAKKAWKWAKKAAKWAKKAA
421,Sequence_347,ACP,0.5634,N+ group,KWFKKIPKFLHLAKKF
422,Sequence_353,Non-ACP,0.2772,N+ group,DVIKKVASVIGGL
423,Sequence_354,ACP,0.5802,N+ group,FKSWSFCTPGCAKTGSFNSYCC
424,Sequence_358,ACP,0.5526,N+ group,LKKLAKLALAF
425,Sequence_363,ACP,0.5766,N+ group,KRFKQDGGWSHWSPWSSC
426,Sequence_371,ACP,0.5634,N+ group,KWKVFKKIEKMGRNIRNGIVKAGPAIAVLGEAKAL
427,Sequence_380,ACP,0.5538,N+ group,GKWKKILGHLIR
428,Sequence_382,Non-ACP,0.4428,N+ group,ALWKDILKNVGKAAGKAVLNTVTDMVNQ
429,Sequence_386,ACP,0.567,N+ group,GFGSKPLDSFGLNFF
430,Sequence_392,ACP,0.5856,N+ group,KSCCKNTTGRNIYNTCRFAGGSRERCAKLSGCKIISASTCPSDYPK
431,Sequence_394,ACP,0.57,N+ group,KWKSFLKTFKSAKKTVAHTAAKAISS
432,Sequence_403,Non-ACP,0.2532,N+ group,CHHNLAHAC
433,Sequence_404,ACP,0.5298,N+ group,KFKKLAKKW
434,Sequence_408,ACP,0.5682,N+ group,GAARKSIRLHRLYTWKATIYTR
435,Sequence_414,ACP,0.5718,N+ group,MPKWKVFKKIEKVGRNIRNGIVKAGPAIAVLGEAKALG
436,Sequence_415,ACP,0.5676,N+ group,RKAFRWAWRMLKKAAPSITCVR
437,Sequence_418,ACP,0.5646,N+ group,DSHEKRHHGYRRKFHEKHHSHREFPFYGDYGSNYLYDN
438,Sequence_419,ACP,0.5712,N+ group,KWLRRVWRWWR
439,Sequence_421,ACP,0.5754,N+ group,KNWKKILGKIIKVVK
440,Sequence_426,Non-ACP,0.2154,N+ group,NHFTLKCPKTALTEPPTLAY
441,Sequence_430,ACP,0.588,N+ group,FAKKLAKKLKKLAKKLAKLALALKALALKAL
442,Sequence_438,ACP,0.5862,N+ group,KAAKKWAKAAKKAAKAWKKAA
443,Sequence_439,Non-ACP,0.2742,N+ group,ARSYGNGVYCNNKKCWVNRGEATQSIIGGMISGWASGLAGM
444,Sequence_452,ACP,0.588,N+ group,KWKLFKKIGIGAVLKVLTTG
445,Sequence_458,Non-ACP,0.2604,N+ group,RYLGYL
446,Sequence_462,ACP,0.5262,N+ group,RRRRRRRRGNLWAAQRYGRELRRMSDEFVDSFKK
447,Sequence_464,ACP,0.5748,N+ group,GKWKKILGKLIR
448,Sequence_471,ACP,0.567,N+ group,CYCRIPACIAGERRYGTCIYQGRLWAFCC
449,Sequence_484,Non-ACP,0.3306,N+ group,GNFRYLAPP
450,Sequence_489,Non-ACP,0.186,N+ group,FKRIVQRIKDFLRNLV
451,Sequence_490,ACP,0.531,N+ group,RGGRLCYCRRRFCVCVGR
452,Sequence_492,ACP,0.5706,N+ group,YERDPRQQYEQCQRRCESEATEEREQEQCEQRCEREYKEQQRQQEEE
453,Sequence_493,ACP,0.5652,N+ group,GIGKFLHAAKKFAKAFVAEIMNS
454,Sequence_495,ACP,0.567,N+ group,GRKKRRQRRRGGWMWVTNLRTD
455,Sequence_498,Non-ACP,0.477,N+ group,ALWKDILKNAGKAALNEINQLVNQ
456,Sequence_501,ACP,0.5628,N+ group,LRVRLASHLRKLRKRLLRDADDLQKRLAVY
457,Sequence_502,ACP,0.5832,N+ group,KAAKKAWKAAKKAAKWWKKAA
458,Sequence_506,Non-ACP,0.3882,N+ group,RKKRRQRRR
459,Sequence_508,Non-ACP,0.3216,N+ group,CHHNATHAC
460,Sequence_509,ACP,0.5862,N+ group,FAKKLAKKLKKLAKLALAK
461,Sequence_514,ACP,0.5424,N+ group,LTAEHYAAQATS
462,Sequence_515,ACP,0.5676,N+ group,ARLKKCFNKVTGYCRKKCKVGERYEIGCLSGKLCCAN
463,Sequence_517,Non-ACP,0.1956,N+ group,GWLKKIGKKIERVGQHTRDATIQTIGVAQQAANVAATLK
464,Sequence_522,Non-ACP,0.2484,N+ group,RYPAGLPFL
465,Sequence_523,ACP,0.5604,N+ group,LKCNKLVPLFYKTCPAGKNL
466,Sequence_526,ACP,0.5664,N+ group,HPTWPQKSVWHGSDPNGRRLTESY
467,Sequence_528,ACP,0.5598,N+ group,EKKPPRPPQWAVGHFM
468,Sequence_532,Non-ACP,0.2304,N+ group,FDIVKKVVGTIAGL
469,Sequence_538,ACP,0.564,N+ group,GRFKRFRKKFKKLFKKLSPVIPLLHLG
470,Sequence_539,ACP,0.5472,N+ group,KWKSFLKTFKSLKKTVLHTLLKAISS
471,Sequence_542,ACP,0.5658,N+ group,WHSDMEWWYLLG
472,Sequence_544,Non-ACP,0.24,N+ group,LLRHVVKILSKYL
473,Sequence_550,Non-ACP,0.495,N+ group,AWKLFDDGV
474,Sequence_551,ACP,0.5694,N+ group,KWKSFLKTFKSAKKTVAHTALKAISS
475,Sequence_552,ACP,0.5682,N+ group,KWKSFAKTFKSAKKTVLHTALKAISS
476,Sequence_558,Non-ACP,0.4686,N+ group,RRRRRWCMNW
477,Sequence_561,ACP,0.5766,N+ group,FAKKLAKLAKKLAKLAL
478,Sequence_563,ACP,0.5442,N+ group,GIGKFLHSAKKFAKAFVAEIMNS
479,Sequence_565,Non-ACP,0.4554,N+ group,KWKKLAKKW
480,Sequence_568,ACP,0.5634,N+ group,ACYCRIPACIAGERRYGTCIYQGRLWAFCC
481,Sequence_570,ACP,0.5622,N+ group,DKLIGSCVWGATNYTSDCNAECKRRGYKGGHCGSFWNVNCWCEE
482,Sequence_572,ACP,0.5718,N+ group,KWKSFLKTFKSAKKTVLHTALKAISS
483,Sequence_573,ACP,0.5568,N+ group,FFGHLFKLATKIIPSLFQ
484,Sequence_579,ACP,0.5682,N+ group,GFMKYIGPLIPHAVKAISDLI
485,Sequence_587,ACP,0.5568,N+ group,GFKDWIKGAAKKLIKTVASSIANQ
486,Sequence_589,ACP,0.5868,N+ group,KAAKKWAKAAKKWAKAWKKAA
487,Sequence_592,ACP,0.5874,N+ group,KWKLAKKALALL
488,Sequence_594,ACP,0.5658,N+ group,GLFDKLKSLVSDF
489,Sequence_605,ACP,0.5706,N+ group,MRGIRGADFQAFQQARAVGLAGTFR
490,Sequence_608,ACP,0.5694,N+ group,KAAKKAAKAAKKAAKAAKKAA
491,Sequence_611,ACP,0.5952,N+ group,KWKLFKKIGAVLKVL
492,Sequence_619,ACP,0.5736,N+ group,KAYARIGNSYFK
493,Sequence_626,ACP,0.5682,N+ group,GIGKFLKKAKKGIGAVLKVLTTGL
494,Sequence_628,ACP,0.5856,N+ group,ALWKNMLKGIGKLAGQAALGAVKTLVGAE
495,Sequence_633,ACP,0.564,N+ group,DCYCRIPACIAGERRYGTCIYQGRLWAFCC
496,Sequence_635,ACP,0.573,N+ group,TAGIKLTVPIEKFPVTTQTFWG
497,Sequence_639,ACP,0.5148,N+ group,GRRKRKWLRRIGKGVKIIGGAALDHL
498,Sequence_640,ACP,0.5478,N+ group,EPHPDEFVGLM
499,Sequence_648,ACP,0.5478,N+ group,GIGKFLHSAKKFGKAFVGEIMNS
500,Sequence_652,ACP,0.5622,N+ group,ALWKTMLKKLGTMALHAGKAALGAAADTISQGTQ
501,Sequence_655,Non-ACP,0.4734,N+ group,RRRRRNWMWC
502,Sequence_661,ACP,0.579,N+ group,KWKLFKKIEKVGQNIRDGIIKAGPAVAVVGQATQIAK
503,Sequence_662,ACP,0.5646,N+ group,FLRFIGSVIHGIGHLVHHIGVAL
504,Sequence_665,ACP,0.5838,N+ group,FAKKLAKLAKKLAKAL
505,Sequence_673,Non-ACP,0.3,N+ group,CHHNLTHAC
506,Sequence_685,Non-ACP,0.1074,N+ group,KAQIRAMECNIL
507,Sequence_691,ACP,0.5724,N+ group,DAEFRHDSGYEVHHQKLVFFAEDVGSNKGAIIGLMVGGVVIA
508,Sequence_692,Non-ACP,0.291,N+ group,KKKKKEGKKQ
509,Sequence_697,ACP,0.5586,N+ group,PRFWEYWLALME
510,Sequence_706,ACP,0.5718,N+ group,VAKKLAKLAKKLLAL
511,Sequence_709,ACP,0.579,N+ group,KAKLAKKALAKLL
512,Sequence_724,ACP,0.5694,N+ group,FAKKFAKKFKKFAKKFAKFAFAF
513,Sequence_727,ACP,0.5448,N+ group,IAAHDTPGPVWLS
514,Sequence_730,ACP,0.5634,N+ group,AIGKFLHSAKKFGKAFVGEIMNS
515,Sequence_736,ACP,0.5616,N+ group,FKLGSFLKKAWKSKLAKKLRAKGKEMLKDYAKGLLEGGSEEVPGQ
516,Sequence_744,ACP,0.5856,N+ group,FAKKLAKKLKKLAKLALAL
517,Sequence_745,ACP,0.5418,N+ group,KWFKKIPKFLHLLKKF
518,Sequence_752,ACP,0.5652,N+ group,ELPKLPDDKVLIRSRSNCPKGKVWNGFDCKSPFAFS
519,Sequence_757,Non-ACP,0.12,N+ group,LTFEHYWAQLTS
520,Sequence_760,ACP,0.5772,N+ group,RRRRRRRRGEDIIRNIARHLAQVGDSMDR
521,Sequence_766,Non-ACP,0.39,N+ group,KIFGSLAFL
522,Sequence_770,ACP,0.5784,N+ group,NKWKKILGKIIKVVK
523,Sequence_775,ACP,0.585,N+ group,KSCCKNTTGRNIYNTCRFAGGSRERCAKLSGCKIISASTCPSYPDK
524,Sequence_2,Non-ACP,0.3834,Other group,WALAL
525,Sequence_4,ACP,0.5892,Other group,VNWKKIILGKIIKVVK
526,Sequence_8,ACP,0.5736,Other group,AAWKWAWAKKWAKAKKWAKAA
527,Sequence_10,Non-ACP,0.1866,Other group,RALWGLQH
528,Sequence_14,ACP,0.5658,Other group,KWKLFKKIPKFLHL
529,Sequence_18,Non-ACP,0.1152,Other group,LIAHNQVRQV
530,Sequence_22,Non-ACP,0.3516,Other group,FAKLF
531,Sequence_23,Non-ACP,0.4656,Other group,ICLRLPGC
532,Sequence_26,ACP,0.5796,Other group,PAWRKARRWAWRMKKLAA
533,Sequence_29,Non-ACP,0.3882,Other group,KWKLF
534,Sequence_32,ACP,0.585,Other group,KTKLFKKFAKKLAKKLKKLAKKL
535,Sequence_37,ACP,0.588,Other group,CTGAAGGTGCTGTCCCAGAT
536,Sequence_48,ACP,0.5754,Other group,FAKKLKKLAKKL
537,Sequence_49,ACP,0.5658,Other group,WFKKIPKFLHLLKKF
538,Sequence_50,ACP,0.5976,Other group,GIGKFLKKAKKFAKAFVKIINN
539,Sequence_52,ACP,0.5868,Other group,GLFDIIKKVASVIGGL
540,Sequence_54,ACP,0.5814,Other group,GLFDIIKKVASVVGGL
541,Sequence_57,ACP,0.5928,Other group,CIANRNGCQPDGSQGNCCSGYCHKEPGWVAGYCR
542,Sequence_58,ACP,0.5778,Other group,KLLRLLKKLLRLLLK
543,Sequence_63,ACP,0.5652,Other group,PRFWEYWLRLAE
544,Sequence_66,Non-ACP,0.3978,Other group,KKKFPWWWPFKKKCKKKFPWWWPFKKKC
545,Sequence_69,ACP,0.588,Other group,DVQCGEGHFCHDQTCCRASQGGACCPYSQGVCCADQRHCCPVGF
546,Sequence_70,ACP,0.5796,Other group,GAIKDALKGAAKTVAVELLKKAQCKLEKTC
547,Sequence_79,ACP,0.5658,Other group,FLSSIGKILGNLL
548,Sequence_82,ACP,0.579,Other group,FLPIVGKLLSGLSGLL
549,Sequence_83,ACP,0.5712,Other group,GFFDLAKKVVGGIRNALGI
550,Sequence_85,ACP,0.5838,Other group,VNWKKLLGKLLKVVK
551,Sequence_87,ACP,0.5844,Other group,QSHLSLCRWCCNCCRSNKGC
552,Sequence_90,ACP,0.5706,Other group,FLSIIAKVLGSLF
553,Sequence_93,ACP,0.5868,Other group,ATPATPTVAQFVIQGSTICLVC
554,Sequence_94,ACP,0.5958,Other group,CGETCVGGTCNTPGCTCSWPVCTRNGLPV
555,Sequence_95,ACP,0.5796,Other group,KSCCPNTTGRNIYNACRLTGAPRPTCAKLSGCKIISGSTCPSDYPK
556,Sequence_98,ACP,0.5712,Other group,CGESCAMISFCFTEVIGCSCKNKVCYLNSIS
557,Sequence_99,ACP,0.579,Other group,MRKEFHNVLSSGQLLADKRPARDYNRK
558,Sequence_102,ACP,0.5634,Other group,GLLGPLLKIAAKVGSNLL
559,Sequence_104,Non-ACP,0.2946,Other group,PGLGFY
560,Sequence_105,ACP,0.5772,Other group,VNWKKILPKIIKVVK
561,Sequence_107,ACP,0.588,Other group,KWKLFKKIPLHLAKKF
562,Sequence_108,ACP,0.5982,Other group,AKCIKNGKGCREDQGPPFCCSGFCYRQVGWARGYCKNR
563,Sequence_111,ACP,0.5712,Other group,DPQTDCQQCQRRCRQQESGPRQQQYCQRRCKEICEEEEEYN
564,Sequence_113,ACP,0.5748,Other group,VAKALAKALLKALKAL
565,Sequence_114,ACP,0.5958,Other group,FLKLLKKLAAKFLPTIICKISYKC
566,Sequence_115,ACP,0.5652,Other group,GFKGAFKNVMFGIAKSAGKSALNALACKIDKSC
567,Sequence_116,ACP,0.5604,Other group,PRFWEYALRLME
568,Sequence_124,Non-ACP,0.3474,Other group,DEVD
569,Sequence_128,ACP,0.5808,Other group,VNWKKILKKIIKVVK
570,Sequence_131,ACP,0.5766,Other group,DFGCGQGMIFMCQRRCMRLYPGSTGFCRGFRCMCDTHIPLRPPFMVG
571,Sequence_133,ACP,0.5688,Other group,PAARKAFRWAWRMLKKAA
572,Sequence_140,ACP,0.558,Other group,GFVDFLKKVAGTIANVVT
573,Sequence_142,ACP,0.576,Other group,VRRFPWWWPFLRR
574,Sequence_143,ACP,0.5784,Other group,GLFDIVKKVVGAIGSL
575,Sequence_144,Non-ACP,0.3774,Other group,ERRP
576,Sequence_147,ACP,0.585,Other group,KSCCPNTTGRNIYNTCRFGGGSREVCARISGCKIISASTCPSDYPK
577,Sequence_155,Non-ACP,0.1314,Other group,EPNPDEFFGLM
578,Sequence_158,ACP,0.5838,Other group,GLFDIIKKIAESI
579,Sequence_167,ACP,0.5778,Other group,MWKEFHNVLSSGQLLADKRWARWYNRW
580,Sequence_171,Non-ACP,0.4506,Other group,LVPCLPGC
581,Sequence_177,ACP,0.5316,Other group,RGDLLRHVVKILSKYL
582,Sequence_180,ACP,0.5874,Other group,KILRGVAKKIMRTFLRRISKKILTGKK
583,Sequence_182,ACP,0.5892,Other group,KSCCPNTTGRNIYNTCRFAGGSRERCAKLSGCKIISASTCPSDYPK
584,Sequence_184,ACP,0.5838,Other group,CGESCVFIPCISTLLGCSCKNKVCYRNGVIP
585,Sequence_189,Non-ACP,0.4674,Other group,RLFDKIRQVIRKF
586,Sequence_190,ACP,0.573,Other group,DILTFEHYWAQLTS
587,Sequence_193,ACP,0.579,Other group,LVRGCWTKSYPPKPCFVR
588,Sequence_196,ACP,0.5712,Other group,ALYKKFKKKLLKSLKRL
589,Sequence_197,ACP,0.5628,Other group,GVGSPYVSRLLGICL
590,Sequence_198,ACP,0.5424,Other group,KSCCPSTTARNIYNTCRLTGASRSVCASLSGCKIISGSTCDSGWNH
591,Sequence_199,ACP,0.585,Other group,KWKLFKKIPKFLHLAKKF
592,Sequence_200,Non-ACP,0.4866,Other group,KLLLKLKLKLLK
593,Sequence_202,ACP,0.57,Other group,KMWSKILGHLIR
594,Sequence_203,ACP,0.5766,Other group,GFCRCLCRRGVCRCICTR
595,Sequence_206,Non-ACP,0.369,Other group,FALA
596,Sequence_212,ACP,0.5874,Other group,ADTLACRQSHQSCSFVACRAPSVDIGTCRGGKLKCCKWAPSS
597,Sequence_213,ACP,0.564,Other group,TILLEIKNINAD
598,Sequence_214,ACP,0.5778,Other group,GIPCAESCVWIPPCTITALMGCSCKNNVCYNN
599,Sequence_217,ACP,0.5808,Other group,VNWRRILGRIIRVVR
600,Sequence_223,ACP,0.5946,Other group,GAFGNFLKGVAKKAGLKILSIAQCKLFGTC
601,Sequence_225,ACP,0.5742,Other group,GKWSKILGHLIR
602,Sequence_228,ACP,0.5766,Other group,ECRRLCYKQRCVTYCRGR
603,Sequence_229,ACP,0.5604,Other group,KWKLFKKIGPGKFLHSAKKF
604,Sequence_230,ACP,0.5874,Other group,FVDLKKIANIINSIFGK
605,Sequence_234,ACP,0.5712,Other group,GLFDIVKKIAGHIVSSI
606,Sequence_235,ACP,0.5634,Other group,GLFDIVKKIAGHIASSI
607,Sequence_238,ACP,0.5838,Other group,FLPIIGKLLSGLL
608,Sequence_239,ACP,0.5358,Other group,EQCGRQAGGKLCPNNLCCSQWGWCGSTDEYCSPDHNCQSNCKD
609,Sequence_250,ACP,0.5616,Other group,TFRAFLSSRLQDLYSIVRRADRAAV
610,Sequence_252,ACP,0.576,Other group,WKKIPKFLHLLKKF
611,Sequence_254,ACP,0.5628,Other group,VAKALKALLKALKAL
612,Sequence_259,ACP,0.5784,Other group,GMWKKILGHLIR
613,Sequence_263,Non-ACP,0.3816,Other group,HHPHGHHPHG
614,Sequence_270,ACP,0.5934,Other group,DTHFPICIFCCGCCHRSKCGMCCKT
615,Sequence_272,ACP,0.5562,Other group,YAIDTILLEIKNINAD
616,Sequence_274,ACP,0.5196,Other group,KLAKLAKKLAKLAK
617,Sequence_279,ACP,0.5784,Other group,VNWKKVLGKVVKVVK
618,Sequence_281,ACP,0.5724,Other group,AFKLLGRIIHHVGNFVYGFSHVF
619,Sequence_282,ACP,0.5736,Other group,PAWRKAFRWAWRMKKLAA
620,Sequence_283,ACP,0.5712,Other group,FLPFLAKILTGVL
621,Sequence_289,Non-ACP,0.3564,Other group,YSL
622,Sequence_292,ACP,0.5826,Other group,EKKCPGRCTLKCGKHERPTLPYNCGKYICCVPVKVK
623,Sequence_294,ACP,0.5814,Other group,GLFDIVKKVVGALGSL
624,Sequence_295,ACP,0.5814,Other group,PRFWEYWLRLME
625,Sequence_299,ACP,0.5898,Other group,KWKLFKKILKFLHLAKKF
626,Sequence_301,ACP,0.564,Other group,AAVPIVNLKDELLFPSWEALFSGSE
627,Sequence_304,ACP,0.5856,Other group,GLFKVLGSVAKHLLPHVAPVIAEK
628,Sequence_308,ACP,0.5862,Other group,DCLSGKYKGPCAVWDNEMCRRICKEEGHISGHCSPSLKCWCEGC
629,Sequence_310,ACP,0.5664,Other group,KWKLFKKIKFLHSAKKF
630,Sequence_311,ACP,0.5856,Other group,FLPIVAKLLSGLL
631,Sequence_312,ACP,0.5892,Other group,FVKLKKILNIILSIFKK
632,Sequence_322,ACP,0.5706,Other group,GLLQTIKEKLESLESLAKGIVSGIQA
633,Sequence_323,ACP,0.5682,Other group,CLGIGSCNDFAGCGYAVVCFW
634,Sequence_324,ACP,0.5688,Other group,PAWRKAFRWAARMLKKAA
635,Sequence_327,Non-ACP,0.177,Other group,SWLSKTAKKLENSAKKRISEGIAIAIQGGPR
636,Sequence_330,ACP,0.5964,Other group,CIAKGNGCQPSGVQGNCCSGHCHKEPGWVAGYCK
637,Sequence_332,ACP,0.5724,Other group,FLPIVGRLISGLL
638,Sequence_337,ACP,0.5754,Other group,GFGCPFNQYECHAHCSGVPGYKGGYCKGLFKQTCNCY
639,Sequence_343,ACP,0.5754,Other group,GIACGESCVFLGCFIPGCSCKSKVCYFN
640,Sequence_345,ACP,0.5394,Other group,FLPILGNLLSGLL
641,Sequence_348,ACP,0.5736,Other group,ANTAFVSSAHNTQKIPAGAPFNRNLRAMLADLRQNAAFAG
642,Sequence_350,ACP,0.5784,Other group,KWKLFKKKTKLFKKFAKKLAKKL
643,Sequence_351,ACP,0.564,Other group,PRAWEYWLRLME
644,Sequence_359,Non-ACP,0.3654,Other group,FIFHIIKGLFHAGKMI
645,Sequence_360,ACP,0.564,Other group,GCSRWIIGIHGQICRD
646,Sequence_361,ACP,0.5778,Other group,EQCGRQAGGKLCPNNLCCSQYGWCGSSDDYCSPSKNCQSNCKGGG
647,Sequence_369,ACP,0.5364,Other group,RFRLPFRRPPIRIHPPPFYPPFRRFL
648,Sequence_374,Non-ACP,0.4494,Other group,GIIKKIIIKKI
649,Sequence_377,ACP,0.5724,Other group,DLRFWNPREKLPLPTLPPFNPKPIYIDMGNRY
650,Sequence_383,ACP,0.5772,Other group,GLFKVLGSVAKHLLPHVVPVIAEK
651,Sequence_384,ACP,0.5736,Other group,DQYKCLQHGGFCLRSSCPSNTKLQGTCKPDKPNCCKS
652,Sequence_388,ACP,0.5874,Other group,VNFKKLLGKLLKVVK
653,Sequence_391,Non-ACP,0.3552,Other group,ACSAG
654,Sequence_393,ACP,0.5634,Other group,AFTCHCRRSCYSTEYSYGTCTVMGINHRFCCL
655,Sequence_395,ACP,0.5754,Other group,LKLKSIVSWAKKVL
656,Sequence_399,Non-ACP,0.4566,Other group,GIIKKIIKKIIKKI
657,Sequence_400,ACP,0.5754,Other group,FLGAIAAALPHVINAVTNAL
658,Sequence_402,ACP,0.5892,Other group,GLFDVIKKVASVIGGL
659,Sequence_405,ACP,0.5202,Other group,APGNKAECEREKGYCGFLKCSFPFVVSGKCSRFFFCCKNIW
660,Sequence_406,ACP,0.576,Other group,KWKLFKKIGIGKFLHSAKKF
661,Sequence_409,ACP,0.5814,Other group,WKLFKKIPKFLHLAKKF
662,Sequence_411,ACP,0.5772,Other group,GFLDIINKLGKTFAGHMLDKIKCTIGTCPPSP
663,Sequence_416,Non-ACP,0.3984,Other group,CAHNLTHAC
664,Sequence_422,ACP,0.5886,Other group,YKQCHKKGGHCFPKEKICLPPSSDFGKMDCRWRWKCCKKGSG
665,Sequence_425,ACP,0.5706,Other group,GFKDLLKGAAKALVKTVLF
666,Sequence_434,ACP,0.579,Other group,GVPCGESCVFIPCITGVIGCSCSSNVCYLN
667,Sequence_437,Non-ACP,0.1854,Other group,KAFWGLQH
668,Sequence_441,ACP,0.5604,Other group,CYTQYRKCQELTA
669,Sequence_442,ACP,0.5748,Other group,GLFDIVKKVVGAFGSL
670,Sequence_444,ACP,0.591,Other group,KWKLFAKIGIGKFLHLAKKF
671,Sequence_448,ACP,0.5556,Other group,FAKALKALLKALKAL
672,Sequence_450,ACP,0.5922,Other group,VNWKKILAKIIKVVK
673,Sequence_451,Non-ACP,0.3756,Other group,HHPHG
674,Sequence_453,Non-ACP,0.4842,Other group,KAKLF
675,Sequence_454,ACP,0.5772,Other group,KWKLFKKALKKLKKALKKAL
676,Sequence_463,Non-ACP,0.4902,Other group,AKRHHGYKRKFH
677,Sequence_465,ACP,0.5916,Other group,ATCDLLSGFGVGDSACAAHCIARGNRGGYCNSKKVCVCPI
678,Sequence_467,Non-ACP,0.3546,Other group,GRKKRRQRRR
679,Sequence_474,ACP,0.5808,Other group,KSCCPNTTGRNIYNTCRLGGGSRERCASLSGCKIISASTCPSDYPK
680,Sequence_478,ACP,0.5772,Other group,GSSSGRGDSPA
681,Sequence_480,Non-ACP,0.4818,Other group,FLKLLAGLLKNFA
682,Sequence_481,Non-ACP,0.4158,Other group,FAKLA
683,Sequence_483,ACP,0.5796,Other group,GFFKKAWRKVKHAGRRVLDTAKGVGRHYVNNWLNRYR
684,Sequence_486,Non-ACP,0.3744,Other group,YPFPG
685,Sequence_488,ACP,0.5796,Other group,CAGAGTGGGAGAGGCAAGAC
686,Sequence_491,Non-ACP,0.0672,Other group,IGKEFKRIVQRIKDFLRNLVPRTES
687,Sequence_494,ACP,0.5634,Other group,GKWSKILGKLIR
688,Sequence_497,ACP,0.5778,Other group,VYWKKILGKIIKVVK
689,Sequence_504,ACP,0.5718,Other group,RGDLLRHVVKILEKYL
690,Sequence_505,ACP,0.5688,Other group,VCSCRLVFCRRTELRVGNCLIGGVSFTYCCTRV
691,Sequence_510,ACP,0.5664,Other group,KWKLFKKIPLKKF
692,Sequence_519,ACP,0.5874,Other group,GLFAVIKKVASVIGGL
693,Sequence_524,ACP,0.5736,Other group,DSHEKRHHEHRRKFHEKHHSHRGY
694,Sequence_525,Non-ACP,0.3792,Other group,KKKFPWWWPFKKK
695,Sequence_529,ACP,0.5886,Other group,FLPIIAKVLSGLL
696,Sequence_531,ACP,0.5838,Other group,RWKIFKKIEKMGRNIRDGIVKAGPAIEVLGSAKAIGK
697,Sequence_541,Non-ACP,0.2208,Other group,LALMLPGC
698,Sequence_545,ACP,0.5604,Other group,GLFDIVKKVVGTLAGL
699,Sequence_547,Non-ACP,0.267,Other group,AMVGT
700,Sequence_549,ACP,0.591,Other group,KWKLFKKIGIGKFLHLAKKF
701,Sequence_555,Non-ACP,0.2574,Other group,GIGGKILSGLKTALKGAAKELASTYLH
702,Sequence_564,ACP,0.567,Other group,FAKKLAKLAKKL
703,Sequence_571,ACP,0.5688,Other group,MPKEKVFLKIEKMGRNIRN
704,Sequence_574,ACP,0.5862,Other group,KWKLFKKIGIGKFKLAKKF
705,Sequence_575,Non-ACP,0.435,Other group,GIIKKIIIKKIIIKKI
706,Sequence_576,ACP,0.579,Other group,GGLRSLGRKILRAWKKYGPIIVPIIRI
707,Sequence_577,ACP,0.588,Other group,FAKKALKALKKL
708,Sequence_578,ACP,0.5766,Other group,KWKLFKKISKFLHLAKKF
709,Sequence_581,ACP,0.5838,Other group,FLPVILPVIGKLLSGIL
710,Sequence_582,ACP,0.5784,Other group,MRKWFHNVLSSGQLLADKWPAWDYNRK
711,Sequence_583,Non-ACP,0.4326,Other group,GFIFHIIKGLFHAGKMIHGLV
712,Sequence_585,ACP,0.5754,Other group,GFRDVLKGAAKAFVKTVAGHIANI
713,Sequence_590,Non-ACP,0.4242,Other group,FALLKL
714,Sequence_596,ACP,0.5694,Other group,FMPIIGRLMSGSL
715,Sequence_597,Non-ACP,0.3474,Other group,PPKSQ
716,Sequence_600,ACP,0.5802,Other group,AVDLAKIANKVLSSLF
717,Sequence_601,ACP,0.5718,Other group,DLRFLYPRGKLPVPTLPPFNPKPIYIDMGNRY
718,Sequence_603,ACP,0.5724,Other group,PAWRKAARWAWRMLKKAA
719,Sequence_604,ACP,0.5694,Other group,TCCATGACGTTCCTGACGTT
720,Sequence_606,ACP,0.597,Other group,VNWKKILGKIIKVAK
721,Sequence_609,ACP,0.5724,Other group,GLVTSLIKGAGKLLGGLFGSVTGGQS
722,Sequence_610,ACP,0.5694,Other group,PAWRKAFRAAWRMLKKAA
723,Sequence_612,ACP,0.5676,Other group,GLFDIVKKLVSDF
724,Sequence_615,ACP,0.5772,Other group,PAWRKAFRWAWRMLKKAA
725,Sequence_616,ACP,0.5724,Other group,FLPLVTGLLSGLL
726,Sequence_617,ACP,0.5742,Other group,FKLFKKIPKFLHLAKKF
727,Sequence_618,Non-ACP,0.3834,Other group,HHPHGHHPHGHHPHGHHPHG
728,Sequence_620,ACP,0.5676,Other group,ITCPQVTQSLAPCVPYLISG
729,Sequence_622,ACP,0.591,Other group,GIGKFLKKAKKFAKAFVKMNN
730,Sequence_623,ACP,0.5874,Other group,NVWKKILGKIIKVVK
731,Sequence_624,ACP,0.5934,Other group,GLFDVIKKVAAVIGGL
732,Sequence_625,ACP,0.579,Other group,ASIIKTTIKVSKAVCKTLTCICTGSCSNCK
733,Sequence_629,ACP,0.5688,Other group,FRGLAKLLKIGLKSFARVLKKVLPKAAKAGKALAKSMADENAIRQQNQ
734,Sequence_636,ACP,0.5832,Other group,KWKLFKKIPHLAKKF
735,Sequence_638,ACP,0.57,Other group,FLPLILRKIVTAL
736,Sequence_641,Non-ACP,0.3648,Other group,FKRIVQRIKDFLR
737,Sequence_643,ACP,0.5748,Other group,PAWRKAFRKAWRMLKKAA
738,Sequence_645,ACP,0.5676,Other group,KSCCPNTTGRNIYNTCRLTGSSRETCAKLSGCKIISASTCPSNYPK
739,Sequence_656,ACP,0.5742,Other group,FLKLLKKLAAKLF
740,Sequence_657,ACP,0.5628,Other group,ENFFKEIERAGQRIRDAIISAAPAVETLAQAQKIIKGGD
741,Sequence_660,ACP,0.5304,Other group,PRFWEAWLRLME
742,Sequence_663,ACP,0.5952,Other group,VNWKKVLGKIIKVAK
743,Sequence_667,ACP,0.5946,Other group,FVKLKKIANIINSIFKK
744,Sequence_670,ACP,0.5718,Other group,CLAGRLDKQCTCRRSQPSRRSGHEVGRPSPHCGPSRQCGCHMD
745,Sequence_671,Non-ACP,0.3504,Other group,GFFALIPKIISSPLFKTLLSAVGSALSSSGGQE
746,Sequence_672,ACP,0.585,Other group,GFMDTAKNVAKNVAVTLLDKLKCKITGGC
747,Sequence_674,ACP,0.5796,Other group,FAKKLAKKLL
748,Sequence_675,ACP,0.567,Other group,CAAGTACTCAGTGTGGA
749,Sequence_680,ACP,0.573,Other group,PLLQATLGGGS
750,Sequence_684,Non-ACP,0.3696,Other group,CHANLTHAC
751,Sequence_686,ACP,0.5736,Other group,CRQSCSFGPLTFVCDGNTK
752,Sequence_687,ACP,0.5928,Other group,QAGGQTCPGGICCSQWGYCGTTADYCSPNNNCQSNCWASG
753,Sequence_693,ACP,0.5886,Other group,KSCCPNTTGRNIYNTCRFGGGSRQVCASLSGCKIISASTCPSDYPK
754,Sequence_695,ACP,0.5796,Other group,FAKLAKKALAKLL
755,Sequence_700,ACP,0.5646,Other group,PRFWEYWLRAME
756,Sequence_702,ACP,0.5826,Other group,FLPILGKLLSGIL
757,Sequence_703,ACP,0.549,Other group,TESYFVFSVGM
758,Sequence_708,ACP,0.5982,Other group,KWKLFKKIGIGAVLKVLKKG
759,Sequence_712,ACP,0.5784,Other group,GLLDIVKKVVGAFGSL
760,Sequence_715,ACP,0.5832,Other group,CAWYNISCRLGNKGAYCTLTVECMPSCN
761,Sequence_720,ACP,0.5736,Other group,RQVFQVAYIIIKA
762,Sequence_722,ACP,0.5718,Other group,FAKKLAKKAKLAKKL
763,Sequence_725,Non-ACP,0.3828,Other group,HHPHGHHPHGHHPHG
764,Sequence_729,Non-ACP,0.4272,Other group,GIIKKIIIKKIIIKKIIIKKI
765,Sequence_731,Non-ACP,0.1662,Other group,FLGGILNTITGLL
766,Sequence_737,ACP,0.573,Other group,ATRSYGNGVYCNNSKCWVNWGEAKENIAGIVISGWASGLAGMGH
767,Sequence_739,Non-ACP,0.3186,Other group,SPWPRPTY
768,Sequence_746,ACP,0.5886,Other group,KLCGETCFKFKCYTPGCSCSYPFCK
769,Sequence_747,ACP,0.5718,Other group,FFPVIGRILNGIL
770,Sequence_748,ACP,0.5754,Other group,KVKVKVKVPPTKVKVKVK
771,Sequence_754,Non-ACP,0.4854,Other group,KLAKLAK
772,Sequence_759,ACP,0.588,Other group,CTFTLPGGGGVCTLTSECIC
773,Sequence_767,Non-ACP,0.3792,Other group,PPPEE
774,Sequence_769,ACP,0.5706,Other group,KILRGVCKKIMRTFLRRISKDILTGKK
775,Sequence_771,ACP,0.5766,Other group,ACDCRGDCFCGGGGIVRRADRAAVP
776,Sequence_773,ACP,0.5802,Other group,TTGGTCCTTCAAGAGCTG
